输入层	Input Layer
卷积层	Convolution Layer
池化层	Pooling Layer
展平层	Flatten Layer
全连接层	Dense Layer
输出层	Output Layer
自生成输入	Random Input
目标输出奖励	Target Reward
拟合任务	Fit Task
异或任务	XOR Task
卷积块	Convolution Block
分类头	Classifier Head
拟合示例（可训练）	Fit example (trainable)
自生成输入 2 个 → 全连接 16（ReLU）→ 目标输出奖励 1 个，学一条正弦曲线	Random input x2 to dense 16 (ReLU) to target reward x1: learns a sine curve
异或示例（可训练）	XOR example (trainable)
自生成输入 2 个 → 全连接 8（ReLU）→ 目标输出奖励 2 个，两个输入同号算一类、	Random input x2 to dense 8 (ReLU) to target reward x2: two inputs of the same sign are one class,
异号算另一类	opposite signs are the other class
卷积块 1	Convolution Block 1
卷积块 2	Convolution Block 2
完整示例网络	Example network
输入 → 卷积6 → 池化 → 卷积16 → 池化 → 展平 → 输出10	input to conv x6 to pool to conv x16 to pool to flatten to output x10
自己产生一组输入值，神经元个数可调，可随时重新随机	Generates its own input values; the number of neurons is adjustable and can be rerolled at any time
按当前输入算出期望输出，给出损失与得分，也是反向传播的起点	Computes the expected output from the current input, reports loss and score, and is where backpropagation starts
尺寸 28×28 单通道，可在内部视图里直接看到像素	28x28 single channel; the pixels are visible directly in the inside view
8 个卷积核 3×3，步长 1，激活 ReLU	8 kernels of 3x3, stride 1, ReLU activation
最大池化 2×2，步长 2，每个神经元对应一个通道	Max pooling 2x2, stride 2, one channel per neuron
把特征图拉成一维	Flattens the feature maps into one dimension
64 个隐藏单元，激活 ReLU	64 hidden units, ReLU activation
10 个类别单元，Softmax 输出概率	10 class units, Softmax outputs probabilities
卷积块（半成品）	Convolution block (grouped)
卷积 8 核 3×3 + 卷积 16 核 3×3 + 最大池化 2×2，已成组	conv 8 of 3x3 + conv 16 of 3x3 + max pooling 2x2, already grouped
分类头（半成品）	Classifier head (grouped)
展平 + 全连接 64 + 输出 10，已成组	flatten + dense 64 + output 10, already grouped
神经元个数由输入尺寸决定，请调整宽高	The number of neurons follows the input size; adjust width and height instead
神经元个数跟随上游通道数	The number of neurons follows the upstream channel count
展平层不含可调神经元	A flatten layer has no adjustable neurons
每个神经元对应一个卷积核（输出通道）	One neuron per kernel (output channel)
每个神经元是一个隐藏单元	Each neuron is one hidden unit
每个神经元是一个自生成输入，个数可调，可重新随机	Each neuron is one random input, the count is adjustable and can be rerolled
每个神经元是一个输出，期望值由当前输入算出	Each neuron is one output whose expected value comes from the current input
每个神经元对应一个输出类别	One neuron per output class
画布为空，请先添加模块	The canvas is empty; add a module first
缺少输入端（输入层或自生成输入）	Missing input side (input layer or random input)
缺少输出层	Missing output layer
 个模块未接入数据流	 module(s) not connected to the data flow
输出层未接入数据流	The output layer is not connected to the data flow
：窗口 	: window 
 超过上游高度 	 exceeds the upstream height 
结构完整	Structure complete
 核	 kernels of 
最大	max
平均	average
一维化	flattened to 1D
 单元	 units
 个自生成输入 · 种子 	 random inputs · seed 
 个期望输出	 expected outputs
 类	 classes
画布上没有可运行的层	No runnable layer on the canvas
图中没有模块	The graph has no modules
未接入数据流	not connected to the data flow
上游不是特征图	the upstream layer is not a feature map
窗口大于上游尺寸	the window is larger than the upstream size
最大池化 	max pooling 
平均池化 	average pooling 
 步长 	 stride 
上游没有数据	the upstream layer has no data
 单元	 units
存在未接入或参数越界的层，结果仅供参考	Some layers are unconnected or out of range; the result is for reference only
没有输出层，无法给出结果	No output layer, so there is no result
线性	Linear
输入层	Input Layer
卷积层	Convolution Layer
池化层	Pooling Layer
展平层	Flatten Layer
全连接层	Dense Layer
自生成输入	Random Input
目标输出奖励	Target Reward
输出层	Output Layer
